                  epoch,         train/box_loss,         train/cls_loss,         train/dfl_loss,   metrics/precision(B),      metrics/recall(B),       metrics/mAP50(B),    metrics/mAP50-95(B),           val/box_loss,           val/cls_loss,           val/dfl_loss,                 lr/pg0,                 lr/pg1,                 lr/pg2
                      1,                 1.6751,                 2.4106,                 1.5818,                0.32795,                0.25914,                0.20358,                0.07928,                 1.9726,                 2.9672,                 1.9543,             0.00066026,             0.00066026,             0.00066026
                      2,                 1.7741,                 2.1389,                 1.6701,                0.33434,                 0.3434,                0.27159,                0.09558,                 2.1316,                 2.6326,                 2.2511,              0.0013007,              0.0013007,              0.0013007
                      3,                 1.8166,                 2.0215,                 1.7046,                0.27945,                0.36884,                0.22109,                0.06846,                 2.3104,                 3.0479,                 2.1669,              0.0019146,              0.0019146,              0.0019146
                      4,                 1.8139,                 1.9522,                 1.6864,                0.21377,                0.19555,                0.13277,                0.04288,                  2.429,                 3.2981,                 2.3028,              0.0018812,              0.0018812,              0.0018812
                      5,                 1.7801,                  1.862,                 1.6616,                0.38746,                0.37812,                 0.3343,                0.13085,                 1.9763,                 2.1909,                 1.9477,              0.0018416,              0.0018416,              0.0018416
